id,rt,mz,compound_name,adduct,cosine_score,mol_formula,smiles,datafile:neg_FRN5_O3.mzML:area,datafile:neg_FRN4_O3.mzML:area,datafile:neg_FRN3_O3.mzML:area,datafile:neg_FRN2_O3.mzML:area,datafile:neg_FRN1_O3.mzML:area,datafile:neg_HFO1_O3.mzML:area,datafile:neg_HFO3_O3.mzML:area,datafile:neg_HFO2_O3.mzML:area,datafile:neg_HFO5_O3.mzML:area,datafile:neg_HFO4_O3.mzML:area,chain_shorthand,db_shorthand,lipid_name,name,score
3815,4.763,839.48617,PG 20:5_22:6,[M-H]-,0.96,C48H73O10P,CC\C=C/C\C=C/C\C=C/C\C=C/C\C=C/CCCC(=O)OCC(COP(O)(=O)OCC(O)CO)OC(=O)CC\C=C/C\C=C/C\C=C/C\C=C/C\C=C/C\C=C/CC,15840.0,0.0,0.0,20500.0,19980.0,37640.0,33450.0,29210.0,29100.0,24080.0,PG(20:5_22:6),"PG(20:5(5,8,11,14,17)_22:6(4,7,10,13,16,19))","PG(20:5(5,8,11,14,17)_22:6(4,7,10,13,16,19))","PG(20:5(5,8,11,14,17)_22:6(4,7,10,13,16,19))",0.3554615384615384
3876,4.83,815.48698,PG 18:3_22:6,[M-H]-,0.94,C46H73O10P,CC\C=C/C\C=C/C\C=C/CCCCCCCC(=O)OCC(COP(O)(=O)OCC(O)CO)OC(=O)CC\C=C/C\C=C/C\C=C/C\C=C/C\C=C/C\C=C/CC,32440.0,22720.0,26930.0,44750.0,26360.0,63830.0,60770.0,66560.0,65130.0,67840.0,PG(18:3_22:6),"PG(18:3(9,12,15)_22:6(4,7,10,13,16,19))","PG(18:3(9,12,15)_22:6(4,7,10,13,16,19))","PG(18:3(9,12,15)_22:6(4,7,10,13,16,19))",0.30546153846153845
4021,4.972,791.48688,PG 16:1_22:6,[M-H]-,0.91,C44H73O10P,CCCCCC\C=C/CCCCCCCC(=O)OCC(COP(O)(=O)OCC(O)CO)OC(=O)CC\C=C/C\C=C/C\C=C/C\C=C/C\C=C/C\C=C/CC,0.0,0.0,0.0,0.0,0.0,0.0,0.0,0.0,45530.0,0.0,PG(16:1_22:6),"PG(16:1(9)_22:6(4,7,10,13,16,19))","PG(16:1(9)_22:6(4,7,10,13,16,19))","PG(16:1(9)_22:6(4,7,10,13,16,19))",0.303
4135,5.03,841.50206,PG 20:4_22:6,[M-H]-,0.95,C48H75O10P,CC\C=C/C\C=C/C\C=C/C\C=C/CCCCCCC(=O)OCC(COP(O)(=O)OCC(O)CO)OC(=O)CC\C=C/C\C=C/C\C=C/C\C=C/C\C=C/C\C=C/CC,0.0,0.0,0.0,0.0,56690.0,0.0,0.0,76450.0,0.0,0.0,PG(20:4_22:6),"PG(20:4(5,8,11,14)_22:6(4,7,10,13,16,19))","PG(20:4(5,8,11,14)_22:6(4,7,10,13,16,19))","PG(20:4(5,8,11,14)_22:6(4,7,10,13,16,19))",0.6598809523809528
4152,5.046,767.48645,PG 18:2_18:3,[M-H]-,0.94,C42H73O10P,CCCCC\C=C/C\C=C/CCCCCCCC(=O)OCC(COP(O)(=O)OCC(O)CO)OC(=O)CCCCCCC\C=C/C\C=C/C\C=C/CC,12200.0,0.0,0.0,21490.0,18180.0,19880.0,17670.0,18340.0,17690.0,18540.0,PG(18:2_18:3),"PG(18:2(9,12)_18:3(9,12,15))","PG(18:2(9,12)_18:3(9,12,15))","PG(18:2(9,12)_18:3(6,9,12))",0.5654285714285715
4181,5.076,791.48672,PG 16:1_22:6,[M-H]-,0.94,C44H73O10P,CCCCCC\C=C/CCCCCCCC(=O)OCC(COP(O)(=O)OCC(O)CO)OC(=O)CC\C=C/C\C=C/C\C=C/C\C=C/C\C=C/C\C=C/CC,99510.0,92940.0,101200.0,156100.0,139900.0,90700.0,93540.0,87450.0,57540.0,96930.0,PG(16:1_22:6),"PG(16:1(9)_22:6(4,7,10,13,16,19))","PG(16:1(9)_22:6(4,7,10,13,16,19))","PG(16:1(9)_22:6(4,7,10,13,16,19))",0.31439999999999996
4373,5.134,841.50217,PG 20:4_22:6,[M-H]-,0.96,C48H75O10P,CC\C=C/C\C=C/C\C=C/C\C=C/CCCCCCC(=O)OCC(COP(O)(=O)OCC(O)CO)OC(=O)CC\C=C/C\C=C/C\C=C/C\C=C/C\C=C/C\C=C/CC,167700.0,118500.0,119200.0,177600.0,110000.0,275900.0,273900.0,202100.0,307500.0,312700.0,PG(20:4_22:6),"PG(20:4(5,8,11,14)_22:6(4,7,10,13,16,19))","PG(20:4(5,8,11,14)_22:6(4,7,10,13,16,19))","PG(20:4(5,8,11,14)_22:6(4,7,10,13,16,19))",0.6874523809523809
4391,5.148,767.48708,PG 18:2_18:3,[M-H]-,0.92,C42H73O10P,CCCCC\C=C/C\C=C/CCCCCCCC(=O)OCC(COP(O)(=O)OCC(O)CO)OC(=O)CCCCCCC\C=C/C\C=C/C\C=C/CC,0.0,0.0,0.0,0.0,0.0,0.0,12140.0,20900.0,0.0,0.0,PG(18:2_18:3),"PG(18:2(9,12)_18:3(9,12,15))","PG(18:2(9,12)_18:3(9,12,15))","PG(18:2(9,12)_18:3(6,9,12))",0.5603571428571427
4527,5.22,817.50248,PG 18:2_22:6,[M-H]-,0.96,C46H75O10P,CCCCC\C=C/C\C=C/CCCCCCCC(=O)OCC(COP(O)(=O)OCC(O)CO)OC(=O)CC\C=C/C\C=C/C\C=C/C\C=C/C\C=C/C\C=C/CC,584500.0,444400.0,435100.0,688400.0,595500.0,955200.0,869500.0,965500.0,971900.0,964700.0,PG(18:2_22:6),"PG(18:2(9,12)_22:6(4,7,10,13,16,19))","PG(18:2(9,12)_22:6(4,7,10,13,16,19))","PG(18:2(9,12)_22:6(4,7,10,13,16,19))",0.6302352941176467
4598,5.226,767.48669,PG 18:2_18:3,[M-H]-,0.94,C42H73O10P,CCCCC\C=C/C\C=C/CCCCCCCC(=O)OCC(COP(O)(=O)OCC(O)CO)OC(=O)CCCCCCC\C=C/C\C=C/C\C=C/CC,17620.0,0.0,27060.0,22670.0,11850.0,9832.0,10610.0,0.0,11490.0,27130.0,PG(18:2_18:3),"PG(18:2(9,12)_18:3(9,12,15))","PG(18:2(9,12)_18:3(9,12,15))","PG(18:2(9,12)_18:3(6,9,12))",0.5735714285714284
4625,5.229,743.48703,PG 16:1_18:2,[M-H]-,0.92,C40H73O10P,CCCCCC\C=C/CCCCCCCC(=O)OCC(COP(O)(=O)OCC(O)CO)OC(=O)CCCCCCC\C=C/C\C=C/CCCCC,0.0,0.0,0.0,0.0,0.0,9572.0,9283.0,0.0,0.0,0.0,PG(16:1_18:2),"PG(16:1(9)_18:2(9,12))","PG(16:1(9)_18:2(9,12))","PG(16:1(9)_18:2(9,12))",0.4457142857142856
4679,5.263,767.48662,PG 16:1_20:4,[M-H]-,0.92,C42H73O10P,CCCCCC\C=C/CCCCCCCC(=O)OCC(COP(O)(=O)OCC(O)CO)OC(=O)CCCCCC\C=C/C\C=C/C\C=C/C\C=C/CC,0.0,0.0,7831.0,0.0,0.0,0.0,0.0,0.0,0.0,0.0,PG(16:1_20:4),"PG(16:1(9)_20:4(5,8,11,14))","PG(16:1(9)_20:4(5,8,11,14))","PG(16:1(9)_20:4(5,8,11,14))",0.43563636363636343
4689,5.272,805.50304,PG 17:1_22:6,[M-H]-,0.91,C45H75O10P,CCCCCCC\C=C/CCCCCCCC(=O)OCC(COP(O)(=O)OCC(O)CO)OC(=O)CC\C=C/C\C=C/C\C=C/C\C=C/C\C=C/C\C=C/CC,0.0,0.0,0.0,0.0,3828.0,0.0,0.0,0.0,0.0,0.0,PG(17:1_22:6),"PG(17:1(9)_22:6(4,7,10,13,16,19))","PG(17:1(9)_22:6(4,7,10,13,16,19))","PG(17:1(9)_22:6(4,7,10,13,16,19))",0.49553333333333344
4718,5.327,743.48688,PG 16:1_18:2,[M-H]-,0.93,C40H73O10P,CCCCCC\C=C/CCCCCCCC(=O)OCC(COP(O)(=O)OCC(O)CO)OC(=O)CCCCCCC\C=C/C\C=C/CCCCC,50110.0,61370.0,64050.0,83280.0,64830.0,29370.0,29500.0,34060.0,45430.0,40920.0,PG(16:1_18:2),"PG(16:1(9)_18:2(9,12))","PG(16:1(9)_18:2(9,12))","PG(16:1(9)_18:2(9,12))",0.4299999999999999
4752,5.375,805.50225,PG 17:1_22:6,[M-H]-,0.91,C45H75O10P,CCCCCCC\C=C/CCCCCCCC(=O)OCC(COP(O)(=O)OCC(O)CO)OC(=O)CC\C=C/C\C=C/C\C=C/C\C=C/C\C=C/C\C=C/CC,0.0,0.0,0.0,8347.0,5793.0,0.0,0.0,0.0,0.0,0.0,PG(17:1_22:6),"PG(17:1(9)_22:6(4,7,10,13,16,19))","PG(17:1(9)_22:6(4,7,10,13,16,19))","PG(17:1(9)_22:6(4,7,10,13,16,19))",0.5367333333333335
4765,5.382,793.50248,PG 18:2_20:4,[M-H]-,0.94,C44H75O10P,CCCCC\C=C/C\C=C/CCCCCCCC(=O)OCC(COP(O)(=O)OCC(O)CO)OC(=O)CCCCCC\C=C/C\C=C/C\C=C/C\C=C/CC,172200.0,103000.0,138300.0,225200.0,145300.0,262200.0,242600.0,264300.0,284700.0,284400.0,PG(18:2_20:4),"PG(18:2(9,12)_20:4(5,8,11,14))","PG(18:2(9,12)_20:4(5,8,11,14))","PG(18:2(9,12)_20:4(5,8,11,14))",0.46861111111111103
4801,5.408,843.51756,PG 20:3_22:6,[M-H]-,0.93,C48H77O10P,CC\C=C/C\C=C/C\C=C/CCCCCCCCCC(=O)OCC(COP(O)(=O)OCC(O)CO)OC(=O)CC\C=C/C\C=C/C\C=C/C\C=C/C\C=C/C\C=C/CC,108500.0,83570.0,80300.0,121500.0,96990.0,106400.0,120400.0,114100.0,138200.0,136000.0,PG(20:3_22:6),"PG(20:3(8,11,14)_22:6(4,7,10,13,16,19))","PG(20:3(8,11,14)_22:6(4,7,10,13,16,19))","PG(20:3(8,11,14)_22:6(4,7,10,13,16,19))",0.6171052631578944
4807,5.425,767.48658,PG 18:2_18:3,[M-H]-,0.91,C42H73O10P,CCCCC\C=C/C\C=C/CCCCCCCC(=O)OCC(COP(O)(=O)OCC(O)CO)OC(=O)CCCCCCC\C=C/C\C=C/C\C=C/CC,0.0,0.0,0.0,0.0,0.0,5857.0,0.0,0.0,0.0,0.0,PG(18:2_18:3),"PG(18:2(9,12)_18:3(9,12,15))","PG(18:2(9,12)_18:3(9,12,15))","PG(18:2(9,12)_18:3(6,9,12))",0.6044999999999999
4843,5.479,743.48594,PG 16:1_18:2,[M-H]-,0.93,C40H73O10P,CCCCCC\C=C/CCCCCCCC(=O)OCC(COP(O)(=O)OCC(O)CO)OC(=O)CCCCCCC\C=C/C\C=C/CCCCC,0.0,0.0,0.0,1743.0,0.0,0.0,0.0,0.0,0.0,0.0,PG(16:1_18:2),"PG(16:1(9)_18:2(9,12))","PG(16:1(9)_18:2(9,12))","PG(16:1(9)_18:2(9,12))",0.45757142857142846
4848,5.481,769.5024,PG 18:2_18:2,[M-H]-,0.93,C42H75O10P,CCCCC\C=C/C\C=C/CCCCCCCC(=O)OCC(COP(O)(=O)OCC(O)CO)OC(=O)CCCCCCC\C=C/C\C=C/CCCCC,191000.0,185900.0,184400.0,240600.0,191500.0,258400.0,240200.0,265100.0,273900.0,263800.0,PG(18:2_18:2),"PG(18:2(9,12)_18:2(9,12))","PG(18:2(9,12)_18:2(9,12))","PG(18:2(9,12)_18:2(9,12))",0.49079999999999985
4893,5.563,843.51759,PG 20:3_22:6,[M-H]-,0.93,C48H77O10P,CC\C=C/C\C=C/C\C=C/CCCCCCCCCC(=O)OCC(COP(O)(=O)OCC(O)CO)OC(=O)CC\C=C/C\C=C/C\C=C/C\C=C/C\C=C/C\C=C/CC,36060.0,33200.0,40100.0,49290.0,36390.0,51470.0,48630.0,47920.0,55280.0,46720.0,PG(20:3_22:6),"PG(20:3(8,11,14)_22:6(4,7,10,13,16,19))","PG(20:3(8,11,14)_22:6(4,7,10,13,16,19))","PG(20:3(8,11,14)_22:6(4,7,10,13,16,19))",0.6511842105263156
4959,5.632,793.50222,PG 18:1_20:5,[M-H]-,0.92,C44H75O10P,CCCCCCCC\C=C/CCCCCCCC(=O)OCC(COP(O)(=O)OCC(O)CO)OC(=O)CCC\C=C/C\C=C/C\C=C/C\C=C/C\C=C/CC,21310.0,0.0,20980.0,29970.0,21380.0,25210.0,23760.0,21980.0,29210.0,26710.0,PG(18:1_20:5),"PG(18:1(9)_20:5(5,8,11,14,17))","PG(18:1(9)_20:5(5,8,11,14,17))","PG(18:1(9)_20:5(5,8,11,14,17))",0.43176923076923057
4996,5.66,769.50216,PG 18:2_18:2,[M-H]-,0.95,C42H75O10P,CCCCC\C=C/C\C=C/CCCCCCCC(=O)OCC(COP(O)(=O)OCC(O)CO)OC(=O)CCCCCCC\C=C/C\C=C/CCCCC,0.0,0.0,0.0,0.0,0.0,15810.0,0.0,0.0,0.0,0.0,PG(18:2_18:2),"PG(18:2(9,12)_18:2(9,12))","PG(18:2(9,12)_18:2(9,12))","PG(18:2(9,12)_18:2(9,12))",0.5291
5024,5.682,795.51866,PG 18:1_20:4,[M-H]-,0.94,C44H77O10P,CCCCCCCC\C=C/CCCCCCCC(=O)OCC(COP(O)(=O)OCC(O)CO)OC(=O)CCCCCC\C=C/C\C=C/C\C=C/C\C=C/CC,0.0,0.0,0.0,0.0,49990.0,34040.0,31570.0,26920.0,52280.0,41490.0,PG(18:1_20:4),"PG(18:1(9)_20:4(5,8,11,14))","PG(18:1(9)_20:4(5,8,11,14))","PG(18:1(9)_20:4(5,8,11,14))",0.5231818181818182
5078,5.733,819.51801,PG 18:1_22:6,[M-H]-,0.96,C46H77O10P,CCCCCCCC\C=C/CCCCCCCC(=O)OCC(COP(O)(=O)OCC(O)CO)OC(=O)CC\C=C/C\C=C/C\C=C/C\C=C/C\C=C/C\C=C/CC,1506000.0,1184000.0,1142000.0,1837000.0,1573000.0,1379000.0,1325000.0,1363000.0,1493000.0,1525000.0,PG(18:1_22:6),"PG(18:1(9)_22:6(4,7,10,13,16,19))","PG(18:1(9)_22:6(4,7,10,13,16,19))","PG(18:1(9)_22:6(4,7,10,13,16,19))",0.8312999999999994
5130,5.743,719.48649,PG 16:0_16:1,[M-H]-,0.91,C38H73O10P,CCCCCCCCCCCCCCCC(=O)OCC(COP(O)(=O)OCC(O)CO)OC(=O)CCCCCCC\C=C/CCCCCC,0.0,0.0,5854.0,8555.0,0.0,0.0,0.0,0.0,0.0,0.0,PG(16:0_16:1),PG(16:0_16:1(9)),PG(16:0_16:1(9)),PG(16:0_16:1(9)),0.1654999999999999
5175,5.794,743.48689,PG 16:1_18:2,[M-H]-,0.93,C40H73O10P,CCCCCC\C=C/CCCCCCCC(=O)OCC(COP(O)(=O)OCC(O)CO)OC(=O)CCCCCCC\C=C/C\C=C/CCCCC,52000.0,39440.0,53410.0,74480.0,45410.0,80970.0,55250.0,76190.0,61040.0,68960.0,PG(16:1_18:2),"PG(16:1(9)_18:2(9,12))","PG(16:1(9)_18:2(9,12))","PG(16:1(9)_18:2(9,12))",0.6878571428571426
5187,5.802,845.53367,PG 20:4_22:4,[M-H]-,0.94,C48H79O10P,CC\C=C/C\C=C/C\C=C/C\C=C/CCCCCCCCC(=O)OC(COC(=O)CCCCCC\C=C/C\C=C/C\C=C/C\C=C/CC)COP(O)(=O)OCC(O)CO,92990.0,66510.0,67370.0,95460.0,76530.0,91760.0,83430.0,93050.0,101000.0,103600.0,PG(20:4_22:4),"PG(20:4(5,8,11,14)_22:4(7,10,13,16))","PG(20:4(5,8,11,14)_22:4(7,10,13,16))","PG(20:4(5,8,11,14)_22:4(7,10,13,16))",0.9321666666666668
5195,5.809,793.50143,PG 18:2_20:4,[M-H]-,0.91,C44H75O10P,CCCCC\C=C/C\C=C/CCCCCCCC(=O)OCC(COP(O)(=O)OCC(O)CO)OC(=O)CCCCCC\C=C/C\C=C/C\C=C/C\C=C/CC,12490.0,0.0,11640.0,20130.0,13820.0,33320.0,24410.0,25620.0,15610.0,17210.0,PG(18:2_20:4),"PG(18:2(9,12)_20:4(5,8,11,14))","PG(18:2(9,12)_20:4(5,8,11,14))","PG(18:2(9,12)_20:4(5,8,11,14))",0.5891111111111107
5235,5.867,745.50235,PG 16:1_18:1,[M-H]-,0.94,C40H75O10P,CCCCCCCC\C=C/CCCCCCCC(=O)OC(COC(=O)CCCCCCC\C=C/CCCCCC)COP(O)(=O)OCC(O)CO,167000.0,202000.0,212900.0,283800.0,215000.0,80340.0,77350.0,70480.0,95530.0,89150.0,PG(16:1_18:1),PG(16:1(9)_18:1(9)),PG(16:1(9)_18:1(9)),PG(16:1(9)_18:1(9)),0.7766
5260,5.906,743.48651,PG 16:1_18:2,[M-H]-,0.92,C40H73O10P,CCCCCC\C=C/CCCCCCCC(=O)OCC(COP(O)(=O)OCC(O)CO)OC(=O)CCCCCCC\C=C/C\C=C/CCCCC,0.0,7357.0,0.0,0.0,0.0,0.0,0.0,0.0,0.0,0.0,PG(16:1_18:2),"PG(16:1(9)_18:2(9,12))","PG(16:1(9)_18:2(9,12))","PG(16:1(9)_18:2(9,12))",0.7275000000000001
5292,5.923,881.51921,PI 16:0_22:6,[M-H]-,0.97,C47H79O13P,CCCCCCCCCCCCCCCC(=O)OCC(COP(O)(=O)OC1C(O)C(O)C(O)C(O)C1O)OC(=O)CC\C=C/C\C=C/C\C=C/C\C=C/C\C=C/C\C=C/CC,283000.0,326000.0,384400.0,361700.0,316400.0,537200.0,511000.0,577200.0,521400.0,501600.0,PI(16:0_22:6),"PI(16:0_22:6(4,7,10,13,16,19))","PI(16:0_22:6(4,7,10,13,16,19))","PI(16:0_22:6(4,7,10,13,16,19))",1.0638846153846149
5323,5.929,795.51839,PG 18:1_20:4,[M-H]-,0.96,C44H77O10P,CCCCCCCC\C=C/CCCCCCCC(=O)OCC(COP(O)(=O)OCC(O)CO)OC(=O)CCCCCC\C=C/C\C=C/C\C=C/C\C=C/CC,417600.0,388500.0,400700.0,517700.0,346400.0,423300.0,385800.0,423900.0,446900.0,456000.0,PG(18:1_20:4),"PG(18:1(9)_20:4(5,8,11,14))","PG(18:1(9)_20:4(5,8,11,14))","PG(18:1(9)_20:4(5,8,11,14))",0.6743181818181818
5356,5.949,769.50237,PG 18:2_18:2,[M-H]-,0.96,C42H75O10P,CCCCC\C=C/C\C=C/CCCCCCCC(=O)OCC(COP(O)(=O)OCC(O)CO)OC(=O)CCCCCCC\C=C/C\C=C/CCCCC,208900.0,171900.0,212500.0,328100.0,186800.0,518800.0,387500.0,420300.0,328000.0,319200.0,PG(18:2_18:2),"PG(18:2(9,12)_18:2(9,12))","PG(18:2(9,12)_18:2(9,12))","PG(18:2(9,12)_18:2(9,12))",0.5742
5431,6.016,907.53587,PI 18:1_22:6,[M-H]-,0.96,C49H81O13P,CCCCCCCC\C=C/CCCCCCCC(=O)OCC(COP(O)(=O)OC1C(O)C(O)C(O)C(O)C1O)OC(=O)CC\C=C/C\C=C/C\C=C/C\C=C/C\C=C/C\C=C/CC,41060.0,34590.0,42170.0,51460.0,47510.0,45980.0,41630.0,43020.0,43040.0,40860.0,PI(18:1_22:6),"PI(18:1(9)_22:6(4,7,10,13,16,19))","PI(18:1(9)_22:6(4,7,10,13,16,19))","PI(18:1(9)_22:6(4,7,10,13,16,19))",0.5363666666666667
5452,6.039,773.52428,PG 18:1_18:1,[M-H]-,0.9,C42H79O10P,CCCCCCCC\C=C/CCCCCCCC(=O)OCC(COP(O)(=O)OCC(O)CO)OC(=O)CCCCCCC\C=C/CCCCCCCC,95500.0,85440.0,0.0,117400.0,0.0,0.0,84760.0,88730.0,0.0,0.0,PG(18:1_18:1),PG(18:1(9)_18:1(9)),PG(18:1(9)_18:1(9)),PG(18:1(9)_18:1(9)),0.6675000000000001
5453,6.039,793.50183,PG 16:0_22:6,[M-H]-,0.92,C44H75O10P,CCCCCCCCCCCCCCCC(=O)OCC(COP(O)(=O)OCC(O)CO)OC(=O)CC\C=C/C\C=C/C\C=C/C\C=C/C\C=C/C\C=C/CC,0.0,0.0,0.0,0.0,0.0,0.0,0.0,6246.0,0.0,0.0,PG(16:0_22:6),"PG(16:0_22:6(4,7,10,13,16,19))","PG(16:0_22:6(4,7,10,13,16,19))","PG(16:0_22:6(4,7,10,13,16,19))",0.615192307692308
5457,6.042,771.51786,PG 18:1_18:2,[M-H]-,0.95,C42H77O10P,CCCCCCCC\C=C/CCCCCCCC(=O)OCC(COP(O)(=O)OCC(O)CO)OC(=O)CCCCCCC\C=C/C\C=C/CCCCC,776800.0,739200.0,742800.0,963900.0,746400.0,766900.0,692300.0,728400.0,789900.0,787800.0,PG(18:1_18:2),"PG(18:1(9)_18:2(9,12))","PG(18:1(9)_18:2(9,12))","PG(18:1(9)_18:2(9,12))",0.7867857142857144
5479,6.058,743.48663,PG 16:0_18:3,[M-H]-,0.92,C40H73O10P,CCCCCCCCCCCCCCCC(=O)OCC(COP(O)(=O)OCC(O)CO)OC(=O)CCCCCCC\C=C/C\C=C/C\C=C/CC,0.0,0.0,0.0,0.0,0.0,8629.0,6796.0,7994.0,7002.0,9401.0,PG(16:0_18:3),"PG(16:0_18:3(9,12,15))","PG(16:0_18:3(9,12,15))","PG(16:0_18:3(6,9,12))",0.6358571428571427
5612,6.15,793.50164,PG 16:0_22:6,[M-H]-,0.94,C44H75O10P,CCCCCCCCCCCCCCCC(=O)OCC(COP(O)(=O)OCC(O)CO)OC(=O)CC\C=C/C\C=C/C\C=C/C\C=C/C\C=C/C\C=C/CC,19680.0,16660.0,19570.0,29780.0,22440.0,43210.0,32780.0,31020.0,37410.0,41650.0,PG(16:0_22:6),"PG(16:0_22:6(4,7,10,13,16,19))","PG(16:0_22:6(4,7,10,13,16,19))","PG(16:0_22:6(4,7,10,13,16,19))",0.5981153846153846
5619,6.159,795.51776,PG 18:1_20:4,[M-H]-,0.94,C44H77O10P,CCCCCCCC\C=C/CCCCCCCC(=O)OCC(COP(O)(=O)OCC(O)CO)OC(=O)CCCCCC\C=C/C\C=C/C\C=C/C\C=C/CC,13240.0,17230.0,18460.0,29040.0,13680.0,29410.0,0.0,11470.0,16280.0,20320.0,PG(18:1_20:4),"PG(18:1(9)_20:4(5,8,11,14))","PG(18:1(9)_20:4(5,8,11,14))","PG(18:1(9)_20:4(5,8,11,14))",0.6029090909090911
5762,6.26,759.51761,PG 17:1_18:1,[M-H]-,0.92,C41H77O10P,CCCCCCCC\C=C/CCCCCCCC(=O)OC(COC(=O)CCCCCCC\C=C/CCCCCCC)COP(O)(=O)OCC(O)CO,9355.0,10220.0,11970.0,12990.0,12070.0,0.0,0.0,0.0,0.0,0.0,PG(17:1_18:1),PG(17:1(9)_18:1(9)),PG(17:1(9)_18:1(9)),PG(17:1(9)_18:1(9)),0.6414999999999998
5797,6.282,771.51447,PG 18:1_18:2,[M-H]-,0.95,C42H77O10P,CCCCCCCC\C=C/CCCCCCCC(=O)OCC(COP(O)(=O)OCC(O)CO)OC(=O)CCCCCCC\C=C/C\C=C/CCCCC,2755.0,0.0,0.0,0.0,0.0,0.0,0.0,0.0,0.0,0.0,PG(18:1_18:2),"PG(18:1(9)_18:2(9,12))","PG(18:1(9)_18:2(9,12))","PG(18:1(9)_18:2(9,12))",0.6838571428571426
5796,6.282,797.53387,PG 18:1_20:3,[M-H]-,0.94,C44H79O10P,CCCCCCCC\C=C/CCCCCCCC(=O)OCC(COP(O)(=O)OCC(O)CO)OC(=O)CCCCCCCCC\C=C/C\C=C/C\C=C/CC,147500.0,132800.0,132300.0,180400.0,134400.0,93300.0,84020.0,77140.0,105300.0,98440.0,PG(18:1_20:3),"PG(18:1(9)_20:3(8,11,14))","PG(18:1(9)_20:3(8,11,14))","PG(18:1(9)_20:3(8,11,14))",0.6743333333333336
5841,6.325,719.48656,PG 16:0_16:1,[M-H]-,0.94,C38H73O10P,CCCCCCCCCCCCCCCC(=O)OCC(COP(O)(=O)OCC(O)CO)OC(=O)CCCCCCC\C=C/CCCCCC,68830.0,77190.0,85110.0,99390.0,72710.0,61700.0,52640.0,60730.0,61880.0,62060.0,PG(16:0_16:1),PG(16:0_16:1(9)),PG(16:0_16:1(9)),PG(16:0_16:1(9)),0.6005000000000004
5919,6.381,769.50198,PG 16:0_20:4,[M-H]-,0.94,C42H75O10P,CCCCCCCCCCCCCCCC(=O)OCC(COP(O)(=O)OCC(O)CO)OC(=O)CCCCCC\C=C/C\C=C/C\C=C/C\C=C/CC,96540.0,101600.0,113900.0,128000.0,81730.0,164100.0,136900.0,151800.0,155300.0,168700.0,PG(16:0_20:4),"PG(16:0_20:4(5,8,11,14))","PG(16:0_20:4(5,8,11,14))","PG(16:0_20:4(5,8,11,14))",0.8354444444444447
5977,6.438,795.51834,PG 18:1_20:4,[M-H]-,0.92,C44H77O10P,CCCCCCCC\C=C/CCCCCCCC(=O)OCC(COP(O)(=O)OCC(O)CO)OC(=O)CCCCCC\C=C/C\C=C/C\C=C/C\C=C/CC,27740.0,28060.0,28080.0,40080.0,26080.0,43760.0,34710.0,43850.0,39630.0,43870.0,PG(18:1_20:4),"PG(18:1(9)_20:4(5,8,11,14))","PG(18:1(9)_20:4(5,8,11,14))","PG(18:1(9)_20:4(5,8,11,14))",0.48845454545454553
6019,6.485,847.54844,PG 20:1_22:6,[M-H]-,0.92,C48H81O10P,CCCCCCCC\C=C/CCCCCCCCCC(=O)OCC(COP(O)(=O)OCC(O)CO)OC(=O)CC\C=C/C\C=C/C\C=C/C\C=C/C\C=C/C\C=C/CC,35610.0,0.0,0.0,37710.0,0.0,0.0,0.0,0.0,0.0,13920.0,PG(20:1_22:6),"PG(20:1(11)_22:6(4,7,10,13,16,19))","PG(20:1(11)_22:6(4,7,10,13,16,19))","PG(20:1(11)_22:6(4,7,10,13,16,19))",0.8449000000000003
6091,6.516,745.50231,PG 16:0_18:2,[M-H]-,0.95,C40H75O10P,CCCCCCCCCCCCCCCC(=O)OCC(COP(O)(=O)OCC(O)CO)OC(=O)CCCCCCC\C=C/C\C=C/CCCCC,1026000.0,1019000.0,1088000.0,1233000.0,906800.0,1840000.0,1777000.0,2008000.0,1916000.0,1954000.0,PG(16:0_18:2),"PG(16:0_18:2(9,12))","PG(16:0_18:2(9,12))","PG(16:0_18:2(9,12))",0.6799000000000002
6131,6.526,797.53349,PG 18:1_20:3,[M-H]-,0.92,C44H79O10P,CCCCCCCC\C=C/CCCCCCCC(=O)OCC(COP(O)(=O)OCC(O)CO)OC(=O)CCCCCCCCC\C=C/C\C=C/C\C=C/CC,12710.0,18270.0,17350.0,26530.0,13550.0,0.0,9684.0,0.0,11410.0,14250.0,PG(18:1_20:3),"PG(18:1(9)_20:3(8,11,14))","PG(18:1(9)_20:3(8,11,14))","PG(18:1(9)_20:3(8,11,14))",0.6105555555555555
6148,6.541,823.54947,PG 18:1_22:4,[M-H]-,0.95,C46H81O10P,CCCCCCCC\C=C/CCCCCCCC(=O)OCC(COP(O)(=O)OCC(O)CO)OC(=O)CCCCCCCC\C=C/C\C=C/C\C=C/C\C=C/CC,116000.0,114100.0,113900.0,133100.0,102600.0,124100.0,106500.0,126300.0,131800.0,135900.0,PG(18:1_22:4),"PG(18:1(9)_22:4(7,10,13,16))","PG(18:1(9)_22:4(7,10,13,16))","PG(18:1(9)_22:4(7,10,13,16))",0.8190454545454542
6177,6.584,871.53389,PI 17:0_20:4,[M-H]-,0.97,C46H81O13P,CCCCCCCCCCCCCCCCC(=O)OCC(COP(O)(=O)OC1C(O)C(O)C(O)C(O)C1O)OC(=O)CCCCCC\C=C/C\C=C/C\C=C/C\C=C/CC,282300.0,278700.0,349500.0,350700.0,312400.0,440500.0,448100.0,463300.0,420000.0,388900.0,PI(17:0_20:4),"PI(17:0_20:4(5,8,11,14))","PI(17:0_20:4(5,8,11,14))","PI(17:0_20:4(5,8,11,14))",0.9856111111111109
6231,6.609,771.51794,PG 18:1_18:2,[M-H]-,0.95,C42H77O10P,CCCCCCCC\C=C/CCCCCCCC(=O)OCC(COP(O)(=O)OCC(O)CO)OC(=O)CCCCCCC\C=C/C\C=C/CCCCC,323500.0,273300.0,304500.0,394500.0,269000.0,519700.0,422900.0,476900.0,428800.0,438200.0,PG(18:1_18:2),"PG(18:1(9)_18:2(9,12))","PG(18:1(9)_18:2(9,12))","PG(18:1(9)_18:2(9,12))",0.6847142857142854
6259,6.637,797.5339,PG 18:1_20:3,[M-H]-,0.92,C44H79O10P,CCCCCCCC\C=C/CCCCCCCC(=O)OCC(COP(O)(=O)OCC(O)CO)OC(=O)CCCCCCCCC\C=C/C\C=C/C\C=C/CC,0.0,0.0,0.0,0.0,0.0,0.0,0.0,0.0,34580.0,0.0,PG(18:1_20:3),"PG(18:1(9)_20:3(8,11,14))","PG(18:1(9)_20:3(8,11,14))","PG(18:1(9)_20:3(8,11,14))",0.5593888888888888
6305,6.682,823.54973,PG 18:1_22:4,[M-H]-,0.95,C46H81O10P,CCCCCCCC\C=C/CCCCCCCC(=O)OCC(COP(O)(=O)OCC(O)CO)OC(=O)CCCCCCCC\C=C/C\C=C/C\C=C/C\C=C/CC,5860.0,5516.0,7135.0,0.0,9344.0,0.0,9071.0,0.0,0.0,0.0,PG(18:1_22:4),"PG(18:1(9)_22:4(7,10,13,16))","PG(18:1(9)_22:4(7,10,13,16))","PG(18:1(9)_22:4(7,10,13,16))",0.736181818181818
6316,6.691,797.53415,PG 18:2_20:2,[M-H]-,0.94,C44H79O10P,CCCCC\C=C/C\C=C/CCCCCCCCCC(=O)OC(COC(=O)CCCCCCC\C=C/C\C=C/CCCCC)COP(O)(=O)OCC(O)CO,13280.0,16340.0,21070.0,35600.0,11170.0,53170.0,35940.0,37700.0,0.0,29090.0,PG(18:2_20:2),"PG(18:2(9,12)_20:2(11,14))","PG(18:2(9,12)_20:2(11,14))","PG(18:2(9,12)_20:2(11,14))",0.6045
6336,6.698,773.53344,PG 18:1_18:1,[M-H]-,0.94,C42H79O10P,CCCCCCCC\C=C/CCCCCCCC(=O)OCC(COP(O)(=O)OCC(O)CO)OC(=O)CCCCCCC\C=C/CCCCCCCC,1253000.0,1197000.0,1279000.0,1621000.0,1194000.0,748500.0,688800.0,686800.0,820300.0,797800.0,PG(18:1_18:1),PG(18:1(9)_18:1(9)),PG(18:1(9)_18:1(9)),PG(18:1(9)_18:1(9)),0.7463333333333336
6340,6.699,775.54007,PG 18:0_18:1,[M-H]-,0.91,C42H81O10P,CCCCCCCCCCCCCCCCCC(=O)OCC(COP(O)(=O)OCC(O)CO)OC(=O)CCCCCCC\C=C/CCCCCCCC,145500.0,143400.0,0.0,0.0,149200.0,86110.0,0.0,85520.0,0.0,0.0,PG(18:0_18:1),PG(18:0_18:1(9)),PG(18:0_18:1(9)),PG(18:0_18:1(9)),0.4184999999999997
6354,6.707,747.49444,PA 18:0_22:6,[M-H]-,0.93,C43H73O8P,CCCCCCCCCCCCCCCCCC(=O)OCC(COP(O)(O)=O)OC(=O)CC\C=C/C\C=C/C\C=C/C\C=C/C\C=C/C\C=C/CC,36190.0,25490.0,16340.0,63470.0,71870.0,30300.0,0.0,11750.0,10830.0,17200.0,PA(18:0_22:6),"PA(18:0_22:6(4,7,10,13,16,19))","PA(18:0_22:6(4,7,10,13,16,19))","PA(18:0_22:6(4,7,10,13,16,19))",0.3531153846153846
6439,6.784,871.53384,PI 17:0_20:4,[M-H]-,0.94,C46H81O13P,CCCCCCCCCCCCCCCCC(=O)OCC(COP(O)(=O)OC1C(O)C(O)C(O)C(O)C1O)OC(=O)CCCCCC\C=C/C\C=C/C\C=C/C\C=C/CC,0.0,3347.0,0.0,0.0,0.0,0.0,0.0,0.0,3696.0,0.0,PI(17:0_20:4),"PI(17:0_20:4(5,8,11,14))","PI(17:0_20:4(5,8,11,14))","PI(17:0_20:4(5,8,11,14))",1.0857222222222227
6461,6.792,885.54982,PI 18:0_20:4,[M-H]-,0.97,C47H83O13P,CCCCCCCCCCCCCCCCCC(=O)OCC(COP(O)(=O)OC1C(O)C(O)C(O)C(O)C1O)OC(=O)CCCCCC\C=C/C\C=C/C\C=C/C\C=C/CC,0.0,0.0,0.0,0.0,0.0,66460.0,0.0,0.0,0.0,0.0,PI(18:0_20:4),"PI(18:0_20:4(5,8,11,14))","PI(18:0_20:4(5,8,11,14))","PI(18:0_20:4(5,8,11,14))",0.9373333333333337
6476,6.794,909.54966,PI 18:0_22:6,[M-H]-,0.97,C49H83O13P,CCCCCCCCCCCCCCCCCC(=O)OCC(COP(O)(=O)OC1C(O)C(O)C(O)C(O)C1O)OC(=O)CC\C=C/C\C=C/C\C=C/C\C=C/C\C=C/C\C=C/CC,763600.0,813700.0,919200.0,903000.0,825900.0,1060000.0,1122000.0,1023000.0,1120000.0,986700.0,PI(18:0_22:6),"PI(18:0_22:6(4,7,10,13,16,19))","PI(18:0_22:6(4,7,10,13,16,19))","PI(18:0_22:6(4,7,10,13,16,19))",0.986730769230769
6525,6.815,745.501,PG 16:0_18:2,[M-H]-,0.92,C40H75O10P,CCCCCCCCCCCCCCCC(=O)OCC(COP(O)(=O)OCC(O)CO)OC(=O)CCCCCCC\C=C/C\C=C/CCCCC,0.0,0.0,0.0,0.0,0.0,0.0,0.0,0.0,0.0,993.6,PG(16:0_18:2),"PG(16:0_18:2(9,12))","PG(16:0_18:2(9,12))","PG(16:0_18:2(9,12))",0.48989999999999984
6535,6.826,799.55019,PG 18:1_20:2,[M-H]-,0.91,C44H81O10P,CCCCCCCC\C=C/CCCCCCCC(=O)OCC(COP(O)(=O)OCC(O)CO)OC(=O)CCCCCCCCC\C=C/C\C=C/CCCCC,55600.0,51950.0,53730.0,0.0,49110.0,20150.0,0.0,15960.0,29120.0,23380.0,PG(18:1_20:2),"PG(18:1(9)_20:2(11,14))","PG(18:1(9)_20:2(11,14))","PG(18:1(9)_20:2(11,14))",0.468285714285714
6613,6.918,759.51729,PG 17:0_18:2,[M-H]-,0.91,C41H77O10P,CCCCCCCCCCCCCCCCC(=O)OCC(COP(O)(=O)OCC(O)CO)OC(=O)CCCCCCC\C=C/C\C=C/CCCCC,0.0,0.0,8030.0,0.0,3075.0,19270.0,0.0,18890.0,17550.0,0.0,PG(17:0_18:2),"PG(17:0_18:2(9,12))","PG(17:0_18:2(9,12))","PG(17:0_18:2(9,12))",0.35670000000000013
6622,6.93,835.53409,PI 16:0_18:1,[M-H]-,0.96,C43H81O13P,CCCCCCCCCCCCCCCC(=O)OCC(COP(O)(=O)OC1C(O)C(O)C(O)C(O)C1O)OC(=O)CCCCCCC\C=C/CCCCCCCC,144600.0,153200.0,174000.0,125900.0,123400.0,196000.0,166800.0,200000.0,162800.0,147400.0,PI(16:0_18:1),PI(16:0_18:1(9)),PI(16:0_18:1(9)),PI(16:0_18:1(9)),0.9393333333333329
6689,6.986,885.54938,PI 18:0_20:4,[M-H]-,0.97,C47H83O13P,CCCCCCCCCCCCCCCCCC(=O)OCC(COP(O)(=O)OC1C(O)C(O)C(O)C(O)C1O)OC(=O)CCCCCC\C=C/C\C=C/C\C=C/C\C=C/CC,27810000.0,28080000.0,32380000.0,30940000.0,27970000.0,31350000.0,33790000.0,31660000.0,34670000.0,30860000.0,PI(18:0_20:4),"PI(18:0_20:4(5,8,11,14))","PI(18:0_20:4(5,8,11,14))","PI(18:0_20:4(5,8,11,14))",1.0249444444444444
6991,7.206,747.51794,PG 16:0_18:1,[M-H]-,0.95,C40H77O10P,CCCCCCCCCCCCCCCC(=O)OCC(COP(O)(=O)OCC(O)CO)OC(=O)CCCCCCC\C=C/CCCCCCCC,4152000.0,3355000.0,3670000.0,4496000.0,3607000.0,3494000.0,3855000.0,3535000.0,4219000.0,3958000.0,PG(16:0_18:1),PG(16:0_18:1(11)),PG(16:0_18:1(11)),PG(16:0_18:1(11)),1.4058333333333348
7053,7.26,835.5326,PI 16:0_18:1,[M-H]-,0.94,C43H81O13P,CCCCCCCCCCCCCCCC(=O)OCC(COP(O)(=O)OC1C(O)C(O)C(O)C(O)C1O)OC(=O)CCCCCCC\C=C/CCCCCCCC,666700.0,699500.0,855000.0,604700.0,0.0,0.0,1113000.0,875700.0,0.0,896200.0,PI(16:0_18:1),PI(16:0_18:1(9)),PI(16:0_18:1(9)),PI(16:0_18:1(9)),1.1758333333333328
7186,7.345,797.53408,PG 18:0_20:4,[M-H]-,0.94,C44H79O10P,CCCCCCCCCCCCCCCCCC(=O)OCC(COP(O)(=O)OCC(O)CO)OC(=O)CCCCCC\C=C/C\C=C/C\C=C/C\C=C/CC,129500.0,116800.0,121500.0,139700.0,97350.0,146700.0,164000.0,144900.0,175900.0,164100.0,PG(18:0_20:4),"PG(18:0_20:4(5,8,11,14))","PG(18:0_20:4(5,8,11,14))","PG(18:0_20:4(5,8,11,14))",1.377666666666666
7586,7.516,773.53347,PG 18:0_18:2,[M-H]-,0.94,C42H79O10P,CCCCCCCCCCCCCCCCCC(=O)OCC(COP(O)(=O)OCC(O)CO)OC(=O)CCCCCCC\C=C/C\C=C/CCCCC,1178000.0,920100.0,943200.0,1107000.0,861200.0,1214000.0,1607000.0,1342000.0,1638000.0,1443000.0,PG(18:0_18:2),"PG(18:0_18:2(9,12))","PG(18:0_18:2(9,12))","PG(18:0_18:2(9,12))",1.8986000000000005
7647,7.548,799.54897,PG 18:0_20:3,[M-H]-,0.92,C44H81O10P,CCCCCCCCCCCCCCCCCC(=O)OCC(COP(O)(=O)OCC(O)CO)OC(=O)CCCCCCCCC\C=C/C\C=C/C\C=C/CC,8746.0,0.0,7794.0,0.0,0.0,10300.0,6624.0,9158.0,0.0,0.0,PG(18:0_20:3),"PG(18:0_20:3(8,11,14))","PG(18:0_20:3(8,11,14))","PG(18:0_20:3(8,11,14))",1.1638571428571431
7761,7.636,801.56498,PG 18:1_20:1,[M-H]-,0.92,C44H83O10P,CCCCCCCC\C=C/CCCCCCCCCC(=O)OC(COC(=O)CCCCCCC\C=C/CCCCCCCC)COP(O)(=O)OCC(O)CO,47220.0,39570.0,40160.0,56960.0,40810.0,0.0,0.0,0.0,0.0,0.0,PG(18:1_20:1),PG(18:1(9)_20:1(11)),PG(18:1(9)_20:1(11)),PG(18:1(9)_20:1(11)),1.1656666666666669
7991,7.698,786.50584,PE 20:4_20:4,[M-H]-,0.99,C45H74NO8P,CC\C=C/C\C=C/C\C=C/C\C=C/CCCCCCC(=O)OCC(COP(O)(=O)OCCN)OC(=O)CCCCCC\C=C/C\C=C/C\C=C/C\C=C/CC,308400.0,192100.0,207000.0,307400.0,273200.0,340900.0,364400.0,361700.0,393200.0,360200.0,PE(20:4_20:4),"PE(20:4(5,8,11,14)_20:4(5,8,11,14))","PE(20:4(5,8,11,14)_20:4(5,8,11,14))","PE(20:4(5,8,11,14)_20:4(5,8,11,14))",1.3666111111111103
8061,7.745,761.53314,PG 16:0_19:1,[M-H]-,0.92,C41H79O10P,CCCCCCCCCCCCCCCC(=O)OCC(COP(O)(=O)OCC(O)CO)OC(=O)CCCCCCC\C=C/CCCCCCCCC,47390.0,38970.0,39450.0,50010.0,43450.0,49510.0,54570.0,53900.0,57870.0,56050.0,PG(16:0_19:1),PG(16:0_19:1(9)),PG(16:0_19:1(9)),PG(16:0_19:1(9)),0.6381666666666669
8183,7.81,799.54768,PG 18:0_20:3,[M-H]-,0.94,C44H81O10P,CCCCCCCCCCCCCCCCCC(=O)OCC(COP(O)(=O)OCC(O)CO)OC(=O)CCCCCCCCC\C=C/C\C=C/C\C=C/CC,51570.0,57160.0,57490.0,69440.0,54090.0,35310.0,49700.0,37530.0,58940.0,45590.0,PG(18:0_20:3),"PG(18:0_20:3(8,11,14))","PG(18:0_20:3(8,11,14))","PG(18:0_20:3(8,11,14))",1.0344285714285717
8194,7.821,801.55616,PG 18:1_20:1,[M-H]-,0.92,C44H83O10P,CCCCCCCC\C=C/CCCCCCCCCC(=O)OC(COC(=O)CCCCCCC\C=C/CCCCCCCC)COP(O)(=O)OCC(O)CO,0.0,0.0,0.0,0.0,0.0,2620.0,4545.0,0.0,0.0,0.0,PG(18:1_20:1),PG(18:1(9)_20:1(11)),PG(18:1(9)_20:1(11)),PG(18:1(9)_20:1(11)),1.049166666666667
9237,8.333,775.54869,PG 18:0_18:1,[M-H]-,0.94,C42H81O10P,CCCCCCCCCCCCCCCCCC(=O)OCC(COP(O)(=O)OCC(O)CO)OC(=O)CCCCCCC\C=C/CCCCCCCC,184000.0,159500.0,150600.0,187400.0,139600.0,153000.0,186200.0,169800.0,184100.0,176000.0,PG(18:0_18:1),PG(18:0_18:1(9)),PG(18:0_18:1(9)),PG(18:0_18:1(9)),1.0239999999999998
10056,8.731,885.55515,PI 18:0_20:4,[M-H]-,0.94,C47H83O13P,CCCCCCCCCCCCCCCCCC(=O)OCC(COP(O)(=O)OC1C(O)C(O)C(O)C(O)C1O)OC(=O)CCCCCC\C=C/C\C=C/C\C=C/C\C=C/CC,86200.0,0.0,75910.0,0.0,0.0,98650.0,83290.0,85660.0,0.0,0.0,PI(18:0_20:4),"PI(18:0_20:4(5,8,11,14))","PI(18:0_20:4(5,8,11,14))","PI(18:0_20:4(5,8,11,14))",1.7217777777777792
10071,8.734,671.46501,PA 16:0_18:2,[M-H]-,0.95,C37H69O8P,CCCCCCCCCCCCCCCC(=O)OCC(COP(O)(O)=O)OC(=O)CCCCCCC\C=C/C\C=C/CCCCC,31780.0,25120.0,19750.0,0.0,24770.0,14550.0,33760.0,35550.0,31860.0,26940.0,PA(16:0_18:2),"PA(16:0_18:2(9,12))","PA(16:0_18:2(9,12))","PA(16:0_18:2(9,12))",1.1926999999999999
10069,8.734,697.47939,PA 18:1_18:2,[M-H]-,0.91,C39H71O8P,CCCCCCCC\C=C/CCCCCCCC(=O)OCC(COP(O)(O)=O)OC(=O)CCCCCCC\C=C/C\C=C/CCCCC,0.0,16870.0,0.0,0.0,17470.0,14240.0,18460.0,20490.0,19970.0,18860.0,PA(18:1_18:2),"PA(18:1(9)_18:2(9,12))","PA(18:1(9)_18:2(9,12))","PA(18:1(9)_18:2(9,12))",0.8382142857142857
10116,8.741,671.46496,PA 16:0_18:2,[M-H]-,0.94,C37H69O8P,CCCCCCCCCCCCCCCC(=O)OCC(COP(O)(O)=O)OC(=O)CCCCCCC\C=C/C\C=C/CCCCC,0.0,0.0,0.0,0.0,0.0,12020.0,0.0,0.0,0.0,0.0,PA(16:0_18:2),"PA(16:0_18:2(9,12))","PA(16:0_18:2(9,12))","PA(16:0_18:2(9,12))",1.192
11448,9.37,835.52598,PI 16:0_18:1,[M-H]-,0.92,C43H81O13P,CCCCCCCCCCCCCCCC(=O)OCC(COP(O)(=O)OC1C(O)C(O)C(O)C(O)C1O)OC(=O)CCCCCCC\C=C/CCCCCCCC,0.0,0.0,0.0,0.0,0.0,0.0,43170.0,0.0,0.0,0.0,PI(16:0_18:1),PI(16:0_18:1(9)),PI(16:0_18:1(9)),PI(16:0_18:1(9)),1.0981666666666674
11526,9.409,748.52778,PE O-16:0_22:6,[M-H]-,1.0,C43H76NO7P,CCCCCCCCCCCCCCCCOCC(COP(O)(=O)OCCN)OC(=O)CC\C=C/C\C=C/C\C=C/C\C=C/C\C=C/C\C=C/CC,0.0,0.0,0.0,0.0,0.0,0.0,0.0,0.0,0.0,19920.0,PE(O-16:0_22:6),"PE(O-16:0_22:6(4,7,10,13,16,19))","PE(O-16:0_22:6(4,7,10,13,16,19))","PE(O-16:0_22:6(4,7,10,13,16,19))",1.1098076923076918
12160,9.683,673.48106,PA 16:0_18:1,[M-H]-,0.96,C37H71O8P,CCCCCCCCCCCCCCCC(=O)OCC(COP(O)(O)=O)OC(=O)CCCCCCC\C=C/CCCCCCCC,8583.0,0.0,0.0,0.0,0.0,2643.0,0.0,1666.0,0.0,0.0,PA(16:0_18:1),PA(16:0_18:1(11)),PA(16:0_18:1(11)),PA(16:0_18:1(11)),0.9195000000000002
12258,9.786,673.48102,PA 16:0_18:1,[M-H]-,0.95,C37H71O8P,CCCCCCCCCCCCCCCC(=O)OCC(COP(O)(O)=O)OC(=O)CCCCCCC\C=C/CCCCCCCC,21920.0,21810.0,24000.0,28860.0,0.0,25600.0,23170.0,19930.0,24000.0,19630.0,PA(16:0_18:1),PA(16:0_18:1(11)),PA(16:0_18:1(11)),PA(16:0_18:1(11)),0.9444999999999993
12262,9.788,804.57501,PC 16:0_18:1,[M+HCOO]-,0.94,C42H82NO8P,CCCCCCCCCCCCCCCC(=O)OCC(COP([O-])(=O)OCC[N+](C)(C)C)OC(=O)CCCCCCC\C=C/CCCCCCCC,31940.0,36060.0,35100.0,16400.0,35940.0,29900.0,0.0,32140.0,21870.0,25050.0,PC(16:0_18:1),PC(16:0_18:1(11)),PC(16:0_18:1(11)),PC(16:0_18:1(11)),1.2826666666666664
12290,9.798,699.49605,PA 18:1_18:1,[M-H]-,0.93,C39H73O8P,CCCCCCCC\C=C/CCCCCCCC(=O)OCC(COP(O)(O)=O)OC(=O)CCCCCCC\C=C/CCCCCCCC,19320.0,14280.0,14860.0,18120.0,0.0,13630.0,0.0,13940.0,19220.0,16330.0,PA(18:1_18:1),PA(18:1(9)_18:1(9)),PA(18:1(9)_18:1(9)),PA(18:1(9)_18:1(9)),0.8089999999999998
12316,9.82,673.48039,PA 16:0_18:1,[M-H]-,0.96,C37H71O8P,CCCCCCCCCCCCCCCC(=O)OCC(COP(O)(O)=O)OC(=O)CCCCCCC\C=C/CCCCCCCC,0.0,13830.0,10470.0,0.0,0.0,0.0,0.0,0.0,0.0,0.0,PA(16:0_18:1),PA(16:0_18:1(11)),PA(16:0_18:1(11)),PA(16:0_18:1(11)),0.9841666666666669
12816,10.13,699.49651,PA 18:0_18:2,[M-H]-,0.94,C39H73O8P,CCCCCCCCCCCCCCCCCC(=O)OCC(COP(O)(O)=O)OC(=O)CCCCCCC\C=C/C\C=C/CCCCC,0.0,0.0,0.0,0.0,0.0,11330.0,0.0,0.0,0.0,0.0,PA(18:0_18:2),"PA(18:0_18:2(9,12))","PA(18:0_18:2(9,12))","PA(18:0_18:2(9,12))",1.2159000000000006
12866,10.141,699.49581,PA 18:0_18:2,[M-H]-,0.96,C39H73O8P,CCCCCCCCCCCCCCCCCC(=O)OCC(COP(O)(O)=O)OC(=O)CCCCCCC\C=C/C\C=C/CCCCC,21790.0,16780.0,9936.0,23210.0,12390.0,3550.0,20290.0,16630.0,22580.0,20020.0,PA(18:0_18:2),"PA(18:0_18:2(9,12))","PA(18:0_18:2(9,12))","PA(18:0_18:2(9,12))",1.2214000000000003
13603,10.632,768.55342,PE 20:1_18:2,[M-H]-,0.98,C43H80NO8P,CCCCCCCC\C=C/CCCCCCCCCC(=O)OCC(COP(O)(=O)OCCN)OC(=O)CCCCCCC\C=C/C\C=C/CCCCC,143300.0,117300.0,107200.0,137200.0,131100.0,81360.0,0.0,74280.0,100100.0,75970.0,PE(20:1_18:2),"PE(20:1(11)_18:2(9,12))","PE(20:1(11)_18:2(9,12))","PE(20:1(11)_18:2(9,12))",1.5327142857142861
13774,10.7,752.55022,PE O-16:0_22:4,[M-H]-,1.0,C43H80NO7P,CCCCCCCCCCCCCCCCOCC(COP(O)(=O)OCCN)OC(=O)CCCCCCCC\C=C/C\C=C/C\C=C/C\C=C/CC,13970.0,13000.0,12660.0,13390.0,14290.0,0.0,17680.0,0.0,0.0,15860.0,PE(O-16:0_22:4),"PE(O-16:0_22:4(7,10,13,16))","PE(O-16:0_22:4(7,10,13,16))","PE(O-16:0_22:4(7,10,13,16))",1.6137222222222223
14066,10.872,776.5593,PE O-18:0_22:6,[M-H]-,1.0,C45H80NO7P,CCCCCCCCCCCCCCCCCCOCC(COP(O)(=O)OCCN)OC(=O)CC\C=C/C\C=C/C\C=C/C\C=C/C\C=C/C\C=C/CC,0.0,83940.0,80950.0,105000.0,99100.0,119800.0,108600.0,119100.0,115600.0,126300.0,PE(O-18:0_22:6),"PE(O-18:0_22:6(4,7,10,13,16,19))","PE(O-18:0_22:6(4,7,10,13,16,19))","PE(O-18:0_22:6(4,7,10,13,16,19))",1.1019615384615382
14224,10.937,752.55902,PE O-16:0_22:4,[M-H]-,0.99,C43H80NO7P,CCCCCCCCCCCCCCCCOCC(COP(O)(=O)OCCN)OC(=O)CCCCCCCC\C=C/C\C=C/C\C=C/C\C=C/CC,33310.0,0.0,29870.0,34730.0,32550.0,39320.0,29330.0,42320.0,38170.0,42790.0,PE(O-16:0_22:4),"PE(O-16:0_22:4(7,10,13,16))","PE(O-16:0_22:4(7,10,13,16))","PE(O-16:0_22:4(7,10,13,16))",1.5974444444444449
14536,11.1,752.55027,PE O-16:0_22:4,[M-H]-,0.99,C43H80NO7P,CCCCCCCCCCCCCCCCOCC(COP(O)(=O)OCCN)OC(=O)CCCCCCCC\C=C/C\C=C/C\C=C/C\C=C/CC,0.0,59580.0,49720.0,55080.0,54100.0,70100.0,69670.0,66880.0,0.0,0.0,PE(O-16:0_22:4),"PE(O-16:0_22:4(7,10,13,16))","PE(O-16:0_22:4(7,10,13,16))","PE(O-16:0_22:4(7,10,13,16))",1.5401666666666665
14949,11.371,752.55931,PE O-18:0_20:4,[M-H]-,1.0,C43H80NO7P,CCCCCCCCCCCCCCCCCCOCC(COP(O)(=O)OCCN)OC(=O)CCCCCC\C=C/C\C=C/C\C=C/C\C=C/CC,73780.0,57820.0,53950.0,69990.0,59990.0,80100.0,70800.0,74040.0,71770.0,82480.0,PE(O-18:0_20:4),"PE(O-18:0_20:4(5,8,11,14))","PE(O-18:0_20:4(5,8,11,14))","PE(O-18:0_20:4(5,8,11,14))",1.0736666666666652
15049,11.422,770.56105,PE 18:0_20:2,[M-H]-,0.97,C43H82NO8P,CCCCCCCCCCCCCCCCCC(=O)OCC(COP(O)(=O)OCCN)OC(=O)CCCCCCCCC\C=C/C\C=C/CCCCC,0.0,10790.0,0.0,0.0,0.0,0.0,4681.0,4994.0,0.0,0.0,PE(18:0_20:2),"PE(18:0_20:2(11,14))","PE(18:0_20:2(11,14))","PE(18:0_20:2(11,14))",1.1502999999999997
15277,11.611,728.55946,PE O-18:0_18:2,[M-H]-,0.99,C41H80NO7P,CCCCCCCCCCCCCCCCCCOCC(COP(O)(=O)OCCN)OC(=O)CCCCCCC\C=C/C\C=C/CCCCC,24380.0,17670.0,18730.0,28640.0,26820.0,32160.0,29260.0,35800.0,31110.0,32090.0,PE(O-18:0_18:2),"PE(O-18:0_18:2(9,12))","PE(O-18:0_18:2(9,12))","PE(O-18:0_18:2(9,12))",0.7257
15539,11.817,770.57004,PE 18:1_20:1,[M-H]-,0.99,C43H82NO8P,CCCCCCCC\C=C/CCCCCCCCCC(=O)OC(COC(=O)CCCCCCC\C=C/CCCCCCCC)COP(O)(=O)OCCN,217400.0,210000.0,111100.0,0.0,208200.0,189500.0,190900.0,189300.0,204700.0,199000.0,PE(18:1_20:1),PE(18:1(9)_20:1(11)),PE(18:1(9)_20:1(11)),PE(18:1(9)_20:1(11)),0.6571666666666663
16015,12.154,780.58168,PE O-18:0_22:4,[M-H]-,0.97,C45H84NO7P,CCCCCCCCCCCCCCCCCCOCC(COP(O)(=O)OCCN)OC(=O)CCCCCCCC\C=C/C\C=C/C\C=C/C\C=C/CC,0.0,0.0,0.0,0.0,0.0,0.0,6124.0,0.0,0.0,0.0,PE(O-18:0_22:4),"PE(O-18:0_22:4(7,10,13,16))","PE(O-18:0_22:4(7,10,13,16))","PE(O-18:0_22:4(7,10,13,16))",0.8145555555555554
16333,12.41,804.59072,PE O-20:0_22:6,[M-H]-,1.0,C47H84NO7P,CCCCCCCCCCCCCCCCCCCCOCC(COP(O)(=O)OCCN)OC(=O)CC\C=C/C\C=C/C\C=C/C\C=C/C\C=C/C\C=C/CC,38500.0,29120.0,23390.0,35380.0,32590.0,34290.0,32580.0,37870.0,30260.0,37720.0,PE(O-20:0_22:6),"PE(O-20:0_22:6(4,7,10,13,16,19))","PE(O-20:0_22:6(4,7,10,13,16,19))","PE(O-20:0_22:6(4,7,10,13,16,19))",0.4831538461538463
16360,12.435,780.59149,PE O-18:0_22:4,[M-H]-,1.0,C45H84NO7P,CCCCCCCCCCCCCCCCCCOCC(COP(O)(=O)OCCN)OC(=O)CCCCCCCC\C=C/C\C=C/C\C=C/C\C=C/CC,67140.0,53720.0,52380.0,66350.0,54860.0,68600.0,59120.0,64600.0,70020.0,72970.0,PE(O-18:0_22:4),"PE(O-18:0_22:4(7,10,13,16))","PE(O-18:0_22:4(7,10,13,16))","PE(O-18:0_22:4(7,10,13,16))",0.7199444444444444
16593,12.608,804.59122,PE O-20:0_22:6,[M-H]-,0.99,C47H84NO7P,CCCCCCCCCCCCCCCCCCCCOCC(COP(O)(=O)OCCN)OC(=O)CC\C=C/C\C=C/C\C=C/C\C=C/C\C=C/C\C=C/CC,5679.0,4441.0,0.0,7933.0,5959.0,6127.0,6452.0,0.0,0.0,0.0,PE(O-20:0_22:6),"PE(O-20:0_22:6(4,7,10,13,16,19))","PE(O-20:0_22:6(4,7,10,13,16,19))","PE(O-20:0_22:6(4,7,10,13,16,19))",0.5154615384615386
16830,12.817,730.57471,PE O-18:0_18:1,[M-H]-,0.99,C41H82NO7P,CCCCCCCCCCCCCCCCCCOCC(COP(O)(=O)OCCN)OC(=O)CCCCCCC\C=C/CCCCCCCC,12890.0,7918.0,8503.0,10520.0,12210.0,11590.0,7503.0,11790.0,0.0,10870.0,PE(O-18:0_18:1),PE(O-18:0_18:1(9)),PE(O-18:0_18:1(9)),PE(O-18:0_18:1(9)),0.43783333333333313
16877,12.873,782.5984,PE O-20:0_20:3,[M-H]-,0.92,C45H86NO7P,CCCCCCCCCCCCCCCCCCCCOCC(COP(O)(=O)OCCN)OC(=O)CCCCCCCCC\C=C/C\C=C/C\C=C/CC,0.0,0.0,0.0,3588.0,0.0,0.0,3774.0,3567.0,0.0,0.0,PE(O-20:0_20:3),"PE(O-20:0_20:3(8,11,14))","PE(O-20:0_20:3(8,11,14))","PE(O-20:0_20:3(8,11,14))",0.28528571428571503
16886,12.882,780.59183,PE O-20:0_20:4,[M-H]-,1.0,C45H84NO7P,CCCCCCCCCCCCCCCCCCCCOCC(COP(O)(=O)OCCN)OC(=O)CCCCCC\C=C/C\C=C/C\C=C/C\C=C/CC,35180.0,30960.0,29280.0,39350.0,24760.0,34310.0,33320.0,39070.0,37530.0,40620.0,PE(O-20:0_20:4),"PE(O-20:0_20:4(5,8,11,14))","PE(O-20:0_20:4(5,8,11,14))","PE(O-20:0_20:4(5,8,11,14))",0.3504444444444447
17136,13.141,756.59064,PE O-20:0_18:2,[M-H]-,0.99,C43H84NO7P,CCCCCCCCCCCCCCCCCCCCOCC(COP(O)(=O)OCCN)OC(=O)CCCCCCC\C=C/C\C=C/CCCCC,17930.0,13160.0,12010.0,18320.0,17640.0,19200.0,20870.0,22070.0,22100.0,21330.0,PE(O-20:0_18:2),"PE(O-20:0_18:2(9,12))","PE(O-20:0_18:2(9,12))","PE(O-20:0_18:2(9,12))",0.6553000000000001
17155,13.188,798.60123,PE 18:1_22:1,[M-H]-,0.98,C45H86NO8P,CCCCCCCC\C=C/CCCCCCCCCCCC(=O)OC(COC(=O)CCCCCCC\C=C/CCCCCCCC)COP(O)(=O)OCCN,26950.0,27480.0,23700.0,31870.0,25900.0,24960.0,23500.0,23030.0,27480.0,26270.0,PE(18:1_22:1),PE(18:1(9)_22:1(11)),PE(18:1(9)_22:1(11)),PE(18:1(9)_22:1(11)),0.6624999999999994
18669,15.479,1471.96196,CL 18:2_18:2_18:2_20:4,[M-H]-,0.96,C83H142O17P2,CCCCC\C=C/C\C=C/CCCCCCCC(=O)OCC(COP(O)(=O)OCC(O)COP(O)(=O)OCC(COC(=O)CCCCCC\C=C/C\C=C/C\C=C/C\C=C/CC)OC(=O)CCCCCCC\C=C/C\C=C/CCCCC)OC(=O)CCCCCCC\C=C/C\C=C/CCCCC,26080.0,34890.0,25140.0,39990.0,51560.0,0.0,65790.0,64280.0,51720.0,58210.0,CL(18:2_18:2_18:2_20:4),"CL(18:2(9,12)_18:2(9,12)_18:2(9,12)_20:4(5,8,11,14))","CL(18:2(9,12)_18:2(9,12)_18:2(9,12)_20:4(5,8,11,14))","CL(18:2(9,12)_18:2(9,12)_18:2(9,12)_20:4(5,8,11,14))",0.20922222222222192
18731,15.557,769.50198,PG 18:2_18:2,[M-H]-,0.94,C42H75O10P,CCCCC\C=C/C\C=C/CCCCCCCC(=O)OCC(COP(O)(=O)OCC(O)CO)OC(=O)CCCCCCC\C=C/C\C=C/CCCCC,0.0,0.0,0.0,0.0,0.0,12450.0,13050.0,0.0,0.0,0.0,PG(18:2_18:2),"PG(18:2(9,12)_18:2(9,12))","PG(18:2(9,12)_18:2(9,12))","PG(18:2(9,12)_18:2(9,12))",0.37250000000000016
18741,15.561,1471.96211,CL 18:2_18:2_18:2_20:4,[M-H]-,0.96,C83H142O17P2,CCCCC\C=C/C\C=C/CCCCCCCC(=O)OCC(COP(O)(=O)OCC(O)COP(O)(=O)OCC(COC(=O)CCCCCC\C=C/C\C=C/C\C=C/C\C=C/CC)OC(=O)CCCCCCC\C=C/C\C=C/CCCCC)OC(=O)CCCCCCC\C=C/C\C=C/CCCCC,0.0,0.0,0.0,0.0,0.0,54190.0,0.0,0.0,0.0,0.0,CL(18:2_18:2_18:2_20:4),"CL(18:2(9,12)_18:2(9,12)_18:2(9,12)_20:4(5,8,11,14))","CL(18:2(9,12)_18:2(9,12)_18:2(9,12)_20:4(5,8,11,14))","CL(18:2(9,12)_18:2(9,12)_18:2(9,12)_20:4(5,8,11,14))",0.24005555555555563
18767,15.572,1447.96377,CL 18:2_18:2_18:2_18:2,[M-H]-,0.97,C81H142O17P2,CCCCC\C=C/C\C=C/CCCCCCCC(=O)OCC(COP(O)(=O)OCC(O)COP(O)(=O)OCC(COC(=O)CCCCCCC\C=C/C\C=C/CCCCC)OC(=O)CCCCCCC\C=C/C\C=C/CCCCC)OC(=O)CCCCCCC\C=C/C\C=C/CCCCC,992700.0,1220000.0,775500.0,894100.0,644200.0,1025000.0,1658000.0,1694000.0,1578000.0,1284000.0,CL(18:2_18:2_18:2_18:2),"CL(18:2(9,12)_18:2(9,12)_18:2(9,12)_18:2(9,12))","CL(18:2(9,12)_18:2(9,12)_18:2(9,12)_18:2(9,12))","CL(18:2(9,12)_18:2(9,12)_18:2(9,12)_18:2(9,12))",0.6581999999999987
18966,15.755,1471.95878,CL 18:2_18:2_18:2_20:4,[M-H]-,0.95,C83H142O17P2,CCCCC\C=C/C\C=C/CCCCCCCC(=O)OCC(COP(O)(=O)OCC(O)COP(O)(=O)OCC(COC(=O)CCCCCC\C=C/C\C=C/C\C=C/C\C=C/CC)OC(=O)CCCCCCC\C=C/C\C=C/CCCCC)OC(=O)CCCCCCC\C=C/C\C=C/CCCCC,0.0,0.0,5308.0,0.0,6210.0,0.0,0.0,12850.0,0.0,0.0,CL(18:2_18:2_18:2_20:4),"CL(18:2(9,12)_18:2(9,12)_18:2(9,12)_20:4(5,8,11,14))","CL(18:2(9,12)_18:2(9,12)_18:2(9,12)_20:4(5,8,11,14))","CL(18:2(9,12)_18:2(9,12)_18:2(9,12)_20:4(5,8,11,14))",0.23111111111111132
19470,16.257,1449.9782,CL 18:1_18:2_18:2_18:2,[M-H]-,0.97,C81H144O17P2,CCCCCCCC\C=C/CCCCCCCC(=O)OC(COC(=O)CCCCCCC\C=C/C\C=C/CCCCC)COP(O)(=O)OCC(O)COP(O)(=O)OCC(COC(=O)CCCCCCC\C=C/C\C=C/CCCCC)OC(=O)CCCCCCC\C=C/C\C=C/CCCCC,837400.0,1011000.0,991300.0,941100.0,820300.0,896300.0,1042000.0,1352000.0,892300.0,857600.0,CL(18:1_18:2_18:2_18:2),"CL(18:1(9)_18:2(9,12)_18:2(9,12)_18:2(9,12))","CL(18:1(9)_18:2(9,12)_18:2(9,12)_18:2(9,12))","CL(18:1(9)_18:2(9,12)_18:2(9,12)_18:2(9,12))",1.0234285714285725
19492,16.279,1471.95722,CL 18:2_18:2_18:2_20:4,[M-H]-,0.93,C83H142O17P2,CCCCC\C=C/C\C=C/CCCCCCCC(=O)OCC(COP(O)(=O)OCC(O)COP(O)(=O)OCC(COC(=O)CCCCCC\C=C/C\C=C/C\C=C/C\C=C/CC)OC(=O)CCCCCCC\C=C/C\C=C/CCCCC)OC(=O)CCCCCCC\C=C/C\C=C/CCCCC,3940.0,0.0,0.0,0.0,13340.0,8053.0,5885.0,0.0,0.0,0.0,CL(18:2_18:2_18:2_20:4),"CL(18:2(9,12)_18:2(9,12)_18:2(9,12)_20:4(5,8,11,14))","CL(18:2(9,12)_18:2(9,12)_18:2(9,12)_20:4(5,8,11,14))","CL(18:2(9,12)_18:2(9,12)_18:2(9,12)_20:4(5,8,11,14))",0.35027777777777724
19817,16.765,1425.97777,CL 16:0_18:2_18:1_18:2,[M-H]-,0.96,C79H144O17P2,CCCCCCCCCCCCCCCC(=O)OC(COC(=O)CCCCCCC\C=C/C\C=C/CCCCC)COP(O)(=O)OCC(O)COP(O)(=O)OCC(COC(=O)CCCCCCC\C=C/C\C=C/CCCCC)OC(=O)CCCCCCC\C=C/CCCCCCCC,0.0,0.0,0.0,0.0,66440.0,0.0,0.0,0.0,0.0,0.0,CL(16:0_18:2_18:1_18:2),"CL(16:0_18:2(9,12)_18:1(9)_18:2(9,12))","CL(16:0_18:2(9,12)_18:1(9)_18:2(9,12))","CL(16:0_18:2(9,12)_18:1(9)_18:2(9,12))",0.172857142857143
19892,16.869,1451.99155,CL 18:1_18:2_18:1_18:2,[M-H]-,0.97,C81H146O17P2,CCCCCCCC\C=C/CCCCCCCC(=O)OC(COC(=O)CCCCCCC\C=C/C\C=C/CCCCC)COP(O)(=O)OCC(O)COP(O)(=O)OCC(COC(=O)CCCCCCC\C=C/C\C=C/CCCCC)OC(=O)CCCCCCC\C=C/CCCCCCCC,344900.0,520000.0,495500.0,553000.0,374400.0,384700.0,641700.0,400500.0,354300.0,318800.0,CL(18:1_18:2_18:1_18:2),"CL(18:1(9)_18:2(9,12)_18:1(9)_18:2(9,12))","CL(18:1(9)_18:2(9,12)_18:1(9)_18:2(9,12))","CL(18:1(9)_18:2(9,12)_18:1(9)_18:2(9,12))",1.2832142857142865
19893,16.872,1425.97785,CL 16:0_18:2_18:1_18:2,[M-H]-,0.97,C79H144O17P2,CCCCCCCCCCCCCCCC(=O)OC(COC(=O)CCCCCCC\C=C/C\C=C/CCCCC)COP(O)(=O)OCC(O)COP(O)(=O)OCC(COC(=O)CCCCCCC\C=C/C\C=C/CCCCC)OC(=O)CCCCCCC\C=C/CCCCCCCC,58840.0,75780.0,61940.0,69760.0,0.0,59070.0,55300.0,74890.0,57500.0,77980.0,CL(16:0_18:2_18:1_18:2),"CL(16:0_18:2(9,12)_18:1(9)_18:2(9,12))","CL(16:0_18:2(9,12)_18:1(9)_18:2(9,12))","CL(16:0_18:2(9,12)_18:1(9)_18:2(9,12))",0.11621428571428614
20143,17.036,1425.97919,CL 16:0_18:2_18:1_18:2,[M-H]-,0.96,C79H144O17P2,CCCCCCCCCCCCCCCC(=O)OC(COC(=O)CCCCCCC\C=C/C\C=C/CCCCC)COP(O)(=O)OCC(O)COP(O)(=O)OCC(COC(=O)CCCCCCC\C=C/C\C=C/CCCCC)OC(=O)CCCCCCC\C=C/CCCCCCCC,0.0,0.0,0.0,0.0,0.0,21590.0,0.0,0.0,14680.0,0.0,CL(16:0_18:2_18:1_18:2),"CL(16:0_18:2(9,12)_18:1(9)_18:2(9,12))","CL(16:0_18:2(9,12)_18:1(9)_18:2(9,12))","CL(16:0_18:2(9,12)_18:1(9)_18:2(9,12))",0.04592857142857122
20287,17.298,1427.98974,CL 16:0_18:1_18:1_18:2,[M-H]-,0.96,C79H146O17P2,CCCCCCCCCCCCCCCC(=O)OC(COC(=O)CCCCCCC\C=C/CCCCCCCC)COP(O)(=O)OCC(O)COP(O)(=O)OCC(COC(=O)CCCCCCC\C=C/C\C=C/CCCCC)OC(=O)CCCCCCC\C=C/CCCCCCCC,0.0,0.0,0.0,0.0,6275.0,11470.0,0.0,0.0,0.0,0.0,CL(16:0_18:1_18:1_18:2),"CL(16:0_18:1(9)_18:1(9)_18:2(9,12))","CL(16:0_18:1(9)_18:1(9)_18:2(9,12))","CL(16:0_18:1(9)_18:1(9)_18:2(9,12))",0.12442857142857225
20294,17.309,1425.97891,CL 16:0_18:2_18:1_18:2,[M-H]-,0.96,C79H144O17P2,CCCCCCCCCCCCCCCC(=O)OC(COC(=O)CCCCCCC\C=C/C\C=C/CCCCC)COP(O)(=O)OCC(O)COP(O)(=O)OCC(COC(=O)CCCCCCC\C=C/C\C=C/CCCCC)OC(=O)CCCCCCC\C=C/CCCCCCCC,0.0,0.0,0.0,0.0,0.0,7512.0,0.0,9788.0,0.0,0.0,CL(16:0_18:2_18:1_18:2),"CL(16:0_18:2(9,12)_18:1(9)_18:2(9,12))","CL(16:0_18:2(9,12)_18:1(9)_18:2(9,12))","CL(16:0_18:2(9,12)_18:1(9)_18:2(9,12))",0.0
20305,17.341,1401.97627,CL 16:0_18:1_16:0_18:2,[M-H]-,0.97,C77H144O17P2,CCCCCCCCCCCCCCCC(=O)OC(COC(=O)CCCCCCC\C=C/CCCCCCCC)COP(O)(=O)OCC(O)COP(O)(=O)OCC(COC(=O)CCCCCCC\C=C/C\C=C/CCCCC)OC(=O)CCCCCCCCCCCCCCC,0.0,12880.0,3694.0,4259.0,0.0,14780.0,5257.0,7088.0,2651.0,0.0,CL(16:0_18:1_16:0_18:2),"CL(16:0_18:1(9)_16:0_18:2(9,12))","CL(16:0_18:1(9)_16:0_18:2(9,12))","CL(16:0_18:1(9)_16:0_18:2(9,12))",0.0
20343,17.457,1427.9923,CL 16:0_18:1_18:1_18:2,[M-H]-,0.96,C79H146O17P2,CCCCCCCCCCCCCCCC(=O)OC(COC(=O)CCCCCCC\C=C/CCCCCCCC)COP(O)(=O)OCC(O)COP(O)(=O)OCC(COC(=O)CCCCCCC\C=C/C\C=C/CCCCC)OC(=O)CCCCCCC\C=C/CCCCCCCC,26700.0,0.0,39360.0,38230.0,26740.0,15850.0,30540.0,21570.0,0.0,0.0,CL(16:0_18:1_18:1_18:2),"CL(16:0_18:1(9)_18:1(9)_18:2(9,12))","CL(16:0_18:1(9)_18:1(9)_18:2(9,12))","CL(16:0_18:1(9)_18:1(9)_18:2(9,12))",0.056642857142856835
20344,17.467,1401.97655,CL 16:0_18:1_16:0_18:2,[M-H]-,0.97,C77H144O17P2,CCCCCCCCCCCCCCCC(=O)OC(COC(=O)CCCCCCC\C=C/CCCCCCCC)COP(O)(=O)OCC(O)COP(O)(=O)OCC(COC(=O)CCCCCCC\C=C/C\C=C/CCCCC)OC(=O)CCCCCCCCCCCCCCC,6521.0,0.0,4038.0,2716.0,6230.0,0.0,8313.0,6311.0,9470.0,0.0,CL(16:0_18:1_16:0_18:2),"CL(16:0_18:1(9)_16:0_18:2(9,12))","CL(16:0_18:1(9)_16:0_18:2(9,12))","CL(16:0_18:1(9)_16:0_18:2(9,12))",0.0
20387,17.594,1427.99345,CL 16:0_18:1_18:1_18:2,[M-H]-,0.96,C79H146O17P2,CCCCCCCCCCCCCCCC(=O)OC(COC(=O)CCCCCCC\C=C/CCCCCCCC)COP(O)(=O)OCC(O)COP(O)(=O)OCC(COC(=O)CCCCCCC\C=C/C\C=C/CCCCC)OC(=O)CCCCCCC\C=C/CCCCCCCC,0.0,0.0,0.0,0.0,0.0,0.0,0.0,0.0,30000.0,0.0,CL(16:0_18:1_18:1_18:2),"CL(16:0_18:1(9)_18:1(9)_18:2(9,12))","CL(16:0_18:1(9)_18:1(9)_18:2(9,12))","CL(16:0_18:1(9)_18:1(9)_18:2(9,12))",0.024142857142856706
20521,17.807,1427.9934,CL 16:0_18:1_18:1_18:2,[M-H]-,0.96,C79H146O17P2,CCCCCCCCCCCCCCCC(=O)OC(COC(=O)CCCCCCC\C=C/CCCCCCCC)COP(O)(=O)OCC(O)COP(O)(=O)OCC(COC(=O)CCCCCCC\C=C/C\C=C/CCCCC)OC(=O)CCCCCCC\C=C/CCCCCCCC,0.0,0.0,0.0,10450.0,0.0,0.0,0.0,0.0,0.0,8876.0,CL(16:0_18:1_18:1_18:2),"CL(16:0_18:1(9)_18:1(9)_18:2(9,12))","CL(16:0_18:1(9)_18:1(9)_18:2(9,12))","CL(16:0_18:1(9)_18:1(9)_18:2(9,12))",0.0004285714285714448
20562,17.875,1427.99273,CL 16:0_18:1_18:1_18:2,[M-H]-,0.97,C79H146O17P2,CCCCCCCCCCCCCCCC(=O)OC(COC(=O)CCCCCCC\C=C/CCCCCCCC)COP(O)(=O)OCC(O)COP(O)(=O)OCC(COC(=O)CCCCCCC\C=C/C\C=C/CCCCC)OC(=O)CCCCCCC\C=C/CCCCCCCC,0.0,0.0,0.0,5016.0,0.0,0.0,0.0,0.0,0.0,0.0,CL(16:0_18:1_18:1_18:2),"CL(16:0_18:1(9)_18:1(9)_18:2(9,12))","CL(16:0_18:1(9)_18:1(9)_18:2(9,12))","CL(16:0_18:1(9)_18:1(9)_18:2(9,12))",0.0
